race_id,track_code,race_num,horse_num,horse_name,mark,model_rank_by_mark,morning_odds,morning_popularity,rationale,win_probability,expected_value,confidence,bet_candidate
20260621-02-01,02,1,1,ソルトアイリス,△,4,2.41,41,頭数補正上位16%; 間隔長め70日; 斤量減2.0kg; 騎手勝率14%,0.096,0.23,接戦,False
20260621-02-01,02,1,2,キミノナハオリョウ,,,56.79,79,休み明け119日; 騎手勝率3%; 上がり良好35.2; 持ち時計平凡,,,,False
20260621-02-01,02,1,3,バレンタインビスタ,▲,3,3.32,32,直近3着内2回; 近走下降; 同距離複勝1回; 間隔長め98日,0.087,0.29,接戦,False
20260621-02-01,02,1,4,スワトウ,☆,5,30.77,77,間隔長め71日; 上がり最速級33.6; 持ち時計平凡; 相対時計優秀,0.02,0.62,接戦,False
20260621-02-01,02,1,5,エビスディアーナ,,,325.416,416,近走下降; 前走大敗13着; 斤量減2.0kg; 調教師勝率12%,,,,False
20260621-02-01,02,1,6,クリーンブーケ,,,113.114,114,近走上昇; 休み明け131日; 前走9着; 騎手勝率12%,,,,False
20260621-02-01,02,1,7,ルージュフローラ,,,32.58,58,間隔長め84日; 斤量増3.0kg; 調教師勝率13%; 上がり最速級34.0,,,,False
20260621-02-01,02,1,8,ファインコンダクト,,,8.44,44,近走下降; 休み明け120日; 前走大敗12着; 上がり最速級34.0,,,,False
20260621-02-01,02,1,9,エコロアビス,,,16.26,26,近走下降; 同距離複勝1回; 間隔長め71日; 上がり最速級34.5,,,,False
20260621-02-01,02,1,10,スプリングドリーム,,,15.45,45,近走上昇; 同距離複勝1回; 前走9着; 斤量増3.0kg,,,,False
20260621-02-01,02,1,11,ハルヒメ,◎,1,6.63,63,直近3着内2回; 近走上昇; 同種T複勝2回; 同距離複勝4回; 信頼度=接戦(2位差17.0),0.19399999999999998,1.28,接戦,True
20260621-02-01,02,1,12,ノーブルマドンナ,,,203.615,615,近走下降; 同距離3走; 間隔長め98日; 前走大敗14着,,,,False
20260621-02-01,02,1,13,トリアングルレディ,,,78.311,311,休み明け147日; 前走大敗13着; 斤量増3.0kg; 騎手勝率3%,,,,False
20260621-02-01,02,1,14,ミレニアルピンク,,,58.71,710,近走下降; 休み明け148日; 前走大敗14着; 調教師勝率13%,,,,False
20260621-02-01,02,1,15,ブリリアンブルーム,,,87.413,413,騎手勝率14%; sprint risk,,,,False
20260621-02-01,02,1,16,チャーミングアイ,○,2,87.112,112,近走上昇; 同距離5走; 騎手勝率2%; 上がり最速級32.8,0.005,0.46,接戦,False
20260621-02-02,02,2,1,ハイドパーク,,,8.65,65,長距離未経験; 騎手勝率3%; 調教師勝率14%; 長距離裏付け薄,,,,False
20260621-02-02,02,2,2,ポップアップ,☆,5,4.32,32,長距離未経験; 調教師勝率14%; 長距離裏付け薄,0.105,0.45,混戦,False
20260621-02-02,02,2,3,ウインモンクール,,,5.94,94,長距離未経験; 長距離裏付け薄,,,,False
20260621-02-02,02,2,4,キヨタリート,○,2,5.13,13,近走下降; 前走大敗15着; 斤量減2.0kg; 騎手勝率14%,0.111,0.57,混戦,False
20260621-02-02,02,2,5,ラヴィニアパーク,,,18.96,96,長距離未経験; 前走11着; 騎手勝率3%; 調教師勝率15%,,,,False
20260621-02-02,02,2,6,マーゴットデウス,,,96.41,410,近走上昇; 長距離未経験; 前走10着; 長距離裏付け薄,,,,False
20260621-02-02,02,2,7,テンカフブ,△,4,52.99,99,前走11着; 斤量増2.0kg; 騎手勝率1%,0.005,0.24,混戦,False
20260621-02-02,02,2,8,ロードステラート,◎,1,2.71,71,同種T複勝2回; 長距離未経験; 長距離裏付け薄; 上位再評価(安定性差13.0); 信頼度=混戦(2位差-7.0),0.14300000000000002,0.39,混戦,False
20260621-02-02,02,2,9,ジャストグレース,▲,3,24.58,58,近走上昇; 長距離未経験; 長距離裏付け薄,0.042,1.04,混戦,False
20260621-02-02,02,2,10,トーセンアミューズ,,,123.911,911,近走下降; 長距離未経験; 前走9着; 調教師勝率12%,,,,False
20260621-02-02,02,2,11,フクチャンブラック,,,20.47,47,近走下降; 同距離3走; 長距離不振3走; 前走9着,,,,False
20260621-02-03,02,3,1,ステキサプライズ,,,49.09,9,近走下降; 前走大敗12着; sprint risk; 持ち時計平凡,,,,False
20260621-02-03,02,3,2,ユーベルジーク,,,44.28,28,前走11着; 斤量減2.0kg; 騎手勝率1%; 調教師勝率12%,,,,False
20260621-02-03,02,3,3,エコロデュラン,,,19.56,56,前走9着; 斤量減2.0kg; sprint risk; 持ち時計平凡,,,,False
20260621-02-03,02,3,4,マーマレードスカイ,,,3.42,42,近走下降; 前走大敗16着; sprint risk; 持ち時計平凡,,,,False
20260621-02-03,02,3,5,ソパデアホ,,,114.712,712,近走上昇; 前走大敗12着; 騎手勝率3%; sprint risk,,,,False
20260621-02-03,02,3,6,シェイプオブユー,△,4,12.34,34,頭数補正上位18%; 騎手勝率1%; sprint risk; 持ち時計平凡,0.017,0.21,接戦,False
20260621-02-03,02,3,7,カッサンドラ,☆,5,43.57,57,調教師勝率15%; sprint risk; 持ち時計平凡; 上がり2位経験,0.09300000000000001,4.04,接戦,False
20260621-02-03,02,3,8,コウユーネロガ,○,2,9.53,53,同距離複勝1回; 相手関係緩和; 騎手勝率14%; 持ち時計平凡,0.078,0.74,接戦,False
20260621-02-03,02,3,9,ライトオブジアース,,,19.35,35,近走上昇; 前走大敗12着; 斤量増2.0kg; sprint risk,,,,False
20260621-02-03,02,3,10,ワイドアルバ,▲,3,56.81,810,同距離複勝1回; 前走9着; 上がり良好35.1; 持ち時計平凡,0.035,1.99,接戦,False
20260621-02-03,02,3,11,ラブデウザ,,,66.411,411,近走下降; 前走9着; 騎手勝率0%; 上がり良好35.9,,,,False
20260621-02-03,02,3,12,グレイトソン,◎,1,1.71,71,頭数補正上位7%; 直近3着内3回; 同種T複勝3回; 斤量減3.0kg; 信頼度=接戦(2位差7.0),0.133,0.23,接戦,False
20260621-02-04,02,4,1,ベアサナエチャン,◎,1,6.82,82,同距離複勝1回; 上がり最速級33.6; 持ち時計平凡; 相対時計優秀; 信頼度=混戦(2位差5.0),0.059000000000000004,0.4,混戦,False
20260621-02-04,02,4,2,ワダツミ,,,60.914,914,近走上昇; 前走10着; 騎手勝率1%; 調教師勝率10%,,,,False
20260621-02-04,02,4,3,コスモクラシック,,,12.67,67,近走下降; 同距離複勝1回; 間隔長め70日; 前走大敗15着,,,,False
20260621-02-04,02,4,4,エイシンインアウト,,,13.28,28,同距離複勝1回; 休み明け120日,,,,False
20260621-02-04,02,4,5,チリンドリ,,,44.513,513,,,,,False
20260621-02-04,02,4,6,コンティ,,,11.76,76,休み明け141日; 前走9着; 上がり最速級33.7,,,,False
20260621-02-04,02,4,7,トルークマクト,,,24.311,311,近走下降; 休み明け141日; 前走大敗13着; 調教師勝率14%,,,,False
20260621-02-04,02,4,8,パンキー,△,4,8.94,94,直近3着内2回; 間隔長め85日; 調教師勝率10%; 上がり良好34.8,0.044000000000000004,0.39,混戦,False
20260621-02-04,02,4,9,ヘクセンハウス,,,15.49,49,前走8着; 騎手勝率3%; 上がり最速級34.3; 持ち時計平凡,,,,False
20260621-02-04,02,4,10,マイネルディザイア,☆,5,33.012,12,近走上昇; 同距離4走; 前走8着; 斤量増2.0kg,0.10400000000000001,3.44,混戦,False
20260621-02-04,02,4,11,ヒシナスキロ,▲,3,3.21,21,頭数補正上位8%; 調教師勝率15%,0.091,0.29,混戦,False
20260621-02-04,02,4,12,アーデルブリックス,○,2,10.95,95,近走上昇; 同距離複勝1回; 間隔長め70日; 斤量減2.0kg,0.055,0.6,混戦,False
20260621-02-04,02,4,13,グランフルス,,,75.515,515,前走10着; 騎手勝率3%; 上がり最速級34.2; 持ち時計平凡,,,,False
20260621-02-04,02,4,14,レジーナレガリア,,,20.41,410,休み明け127日; 前走大敗14着; 持ち時計平凡; 相対時計不足,,,,False
20260621-02-04,02,4,15,デルマノリクラ,,,184.616,616,前走10着; 斤量減3.0kg; 騎手勝率0%; 上がり良好35.8,,,,False
20260621-02-04,02,4,16,コワンニシタガウ,,,8.83,83,間隔長め71日; 騎手勝率15%; 調教師勝率10%; 持ち時計平凡,,,,False
20260621-02-05,02,5,1,フェリチタ,,,6.53,53,sprint risk,,,,False
20260621-02-05,02,5,2,ラストモーメント,▲,3,31.19,19,sprint risk,0.043,1.33,混戦,False
20260621-02-05,02,5,3,コックニー,,,1.91,91,sprint risk,,,,False
20260621-02-05,02,5,4,レインボースター,◎,1,12.44,44,騎手勝率14%; sprint risk; 信頼度=混戦(2位差4.0),0.109,1.35,混戦,False
20260621-02-05,02,5,5,ゴートゥービッツン,,,62.61,610,騎手勝率0%; sprint risk,,,,False
20260621-02-05,02,5,6,キチロクタワー,△,4,29.28,28,sprint risk,0.08900000000000001,2.59,混戦,False
20260621-02-05,02,5,7,リアルジャパン,,,18.56,56,騎手勝率2%; 調教師勝率10%; sprint risk,,,,False
20260621-02-05,02,5,8,クリアストライク,○,2,3.72,72,調教師勝率14%; sprint risk,0.17300000000000001,0.64,混戦,False
20260621-02-05,02,5,9,トーセンルルド,☆,5,21.07,7,sprint risk,0.092,1.93,混戦,False
20260621-02-05,02,5,10,ブレイヴアーサー,,,15.75,75,sprint risk,,,,False
20260621-02-06,02,6,1,ビナハイバン,,,15.18,18,同距離5走; 前走8着; 上がり鈍い39.2; 持ち時計平凡,,,,False
20260621-02-06,02,6,2,メイショウセンドウ,▲,3,12.17,17,同距離5走; 騎手勝率12%; 持ち時計平凡,0.077,0.94,混戦,False
20260621-02-06,02,6,3,ライヴマルガリータ,,,40.512,512,近走下降; 同距離7走; 前走8着; 上がり鈍い39.8,,,,False
20260621-02-06,02,6,4,モロノカガヤキ,◎,1,4.81,81,頭数補正上位15%; 直近3着内2回; 同種T複勝2回; 同距離複勝2回; 信頼度=混戦(2位差1.0),0.121,0.58,混戦,False
20260621-02-06,02,6,5,チャーチルデュース,,,4.92,92,間隔長め78日; 騎手勝率15%,,,,False
20260621-02-06,02,6,6,ウインカトリーヌ,,,10.35,35,間隔長め84日; 前走8着; 騎手勝率3%; 上がり鈍い39.1,,,,False
20260621-02-06,02,6,7,シュヴェスター,○,2,5.63,63,近走上昇; 同種T複勝2回; 同距離複勝1回; 斤量減2.0kg,0.139,0.78,混戦,False
20260621-02-06,02,6,8,カタフラクト,,,11.86,86,休み明け190日; 調教師勝率16%,,,,False
20260621-02-06,02,6,9,メイショウライガ,,,19.91,910,近走上昇; 騎手勝率1%; 調教師勝率14%; 上がり鈍い39.3,,,,False
20260621-02-06,02,6,10,ゴンフィンガー,,,21.311,311,調教師勝率13%,,,,False
20260621-02-06,02,6,11,ヘヴンリーサイン,,,72.413,413,近走下降; 同距離3走; 前走大敗15着; 斤量増3.0kg,,,,False
20260621-02-06,02,6,12,アメリカンダンス,☆,5,6.64,64,近走下降; 前走大敗12着; 斤量減3.0kg; 騎手勝率14%,0.105,0.69,混戦,False
20260621-02-06,02,6,13,ガダニーニ,△,4,19.79,79,調教師勝率10%,0.025,0.49,混戦,False
20260621-02-07,02,7,1,グランテレーズ,,,11.35,35,直近3着内2回; 同種T複勝2回; 同距離複勝2回; 同場不振3走,,,,False
20260621-02-07,02,7,2,アイムインディ,◎,1,3.11,11,頭数補正上位4%; 直近で1着あり; 直近3着内3回; 同距離複勝3回; 信頼度=接戦(2位差10.0),0.20600000000000002,0.64,接戦,False
20260621-02-07,02,7,3,スプリングデイ,,,26.81,810,近走上昇; 同距離複勝1回; 同場距離帯複勝1回; 斤量減2.0kg,,,,False
20260621-02-07,02,7,4,ダブルチャレンジ,☆,5,21.48,48,直近で1着あり; 直近3着内2回; 近走下降; 同種T1勝,0.12,2.56,接戦,False
20260621-02-07,02,7,5,ジュジュドール,,,43.511,511,同種T1勝; 同距離複勝1回; 重賞経験あり; 休み明け133日,,,,False
20260621-02-07,02,7,6,ツルノマイハシ,▲,3,16.77,77,直近で1着あり; 同種T1勝; 同距離複勝2回; 斤量減2.0kg,0.122,2.04,接戦,False
20260621-02-07,02,7,7,マナボニート,△,4,4.02,2,直近3着内2回; 同距離複勝3回; 斤量減2.0kg; 上がり良好35.2,0.079,0.32,接戦,False
20260621-02-07,02,7,8,アルバニー,,,23.69,69,同距離複勝1回; 騎手勝率14%; 上がり良好34.8; 持ち時計平凡,,,,False
20260621-02-07,02,7,9,ファニーバニー,○,2,4.23,23,近走上昇; 同種T1勝; 同距離複勝2回; 同場距離帯複勝1回,0.122,0.51,接戦,False
20260621-02-07,02,7,10,ナンナンプー,,,11.04,4,同種T複勝2回; 同距離複勝2回; 前走11着; 斤量増3.0kg,,,,False
20260621-02-07,02,7,11,ヴェガリア,,,14.46,46,直近で1着あり; 斤量減2.0kg; sprint risk,,,,False
20260621-02-08,02,8,1,アッシュバーグ,,,32.09,9,近走下降; 同距離3走; 間隔長め70日; 前走大敗14着,,,,False
20260621-02-08,02,8,2,ホウオウバローロ,○,2,9.05,5,近走下降; 同種T複勝4回; 同距離複勝4回; 同場複勝2回,0.08199999999999999,0.74,混戦,False
20260621-02-08,02,8,3,テイクオンミー,,,10.87,87,直近で1着あり; 近走下降; 同種T1勝; 同距離複勝1回,,,,False
20260621-02-08,02,8,4,パーティーガール,,,49.111,111,近走上昇; 前走10着; 騎手勝率0%; 上がり鈍い41.6,,,,False
20260621-02-08,02,8,5,アスクガンバーレ,△,4,5.82,82,直近3着内2回; 近走下降; 同種T1勝; 同距離複勝2回,0.10800000000000001,0.63,混戦,False
20260621-02-08,02,8,6,ディースプレマシー,☆,5,25.38,38,近走上昇; 同種T複勝2回; 同距離複勝3回; 持ち時計平凡,0.044000000000000004,1.11,混戦,False
20260621-02-08,02,8,7,シーズザスローン,◎,1,2.61,61,同種T1勝; 同距離複勝4回; 重賞経験あり; 相手関係緩和; 信頼度=混戦(2位差5.0),0.22399999999999998,0.58,混戦,False
20260621-02-08,02,8,8,アラクラン,▲,3,6.83,83,直近で1着あり; 近走上昇; 同種T1勝; 同距離複勝1回,0.10099999999999999,0.69,混戦,False
20260621-02-08,02,8,9,ナクライト,,,8.24,24,近走上昇; 同距離複勝1回; 前走8着; 上がり鈍い39.6,,,,False
20260621-02-08,02,8,10,ライフイズ,,,52.312,312,同距離4走; 前走8着; 騎手勝率2%; 調教師勝率11%,,,,False
20260621-02-08,02,8,11,フェニーチェドーロ,,,10.46,46,近走下降; 間隔長め99日; 前走大敗12着; 騎手勝率2%,,,,False
20260621-02-08,02,8,12,イサギ,,,33.51,510,直近で1着あり; 近走下降; 同種T1勝; 同距離複勝1回,,,,False
20260621-02-09,02,9,1,ドマーネ,,,14.57,57,同種T1勝; 同距離複勝1回; 重賞経験あり; 間隔長め91日,,,,False
20260621-02-09,02,9,2,タイムレスキス,,,3.21,21,直近で1着あり; 直近3着内2回; 近走下降; 同種T1勝,,,,False
20260621-02-09,02,9,3,アルディスティーノ,,,12.96,96,同種T1勝; 同距離複勝1回; 休み明け113日; 前走8着,,,,False
20260621-02-09,02,9,4,レダアトミカ,○,2,5.22,22,頭数補正上位10%; 直近で1着あり; 直近3着内3回; 同種T1勝,0.12300000000000001,0.64,接戦,False
20260621-02-09,02,9,5,メリザンド,,,15.58,58,直近で1着あり; 直近3着内2回; 近走上昇; 同種T1勝,,,,False
20260621-02-09,02,9,6,クリスレジーナ,△,4,6.63,63,直近で1着あり; 直近3着内2回; 同種T1勝; 同距離複勝1回,0.114,0.75,接戦,False
20260621-02-09,02,9,7,アストリル,◎,1,7.24,24,頭数補正上位15%; 直近で1着あり; 直近3着内2回; 同種T1勝; 信頼度=接戦(2位差7.0),0.11199999999999999,0.8,接戦,False
20260621-02-09,02,9,8,リリーズブルーム,,,42.911,911,直近で1着あり; 近走下降; 格上挑戦+3; 前走8着,,,,False
20260621-02-09,02,9,9,モルビド,☆,5,30.71,710,近走上昇; 同種T1勝; 同距離複勝2回; 同場1勝,0.016,0.48,接戦,False
20260621-02-09,02,9,10,ソングオブザバード,,,8.15,15,頭数補正上位17%; 直近で1着あり; 直近3着内2回; 同種T1勝,,,,False
20260621-02-09,02,9,11,ルージュカエラ,,,61.112,112,間隔長め78日; 前走11着; 騎手勝率12%; 持ち時計平凡,,,,False
20260621-02-09,02,9,12,エイカイコバチ,▲,3,17.29,29,直近で1着あり; 直近3着内2回; 近走上昇; 同種T1勝,0.14,2.4,接戦,False
20260621-02-10,02,10,1,ギマール,,,14.45,45,同種T複勝2回; 同距離複勝2回; 騎手勝率3%; 持ち時計優秀,,,,False
20260621-02-10,02,10,2,レッドライトニング,▲,3,9.33,33,直近3着内2回; 同種T1勝; 同距離複勝4回; 同場1勝,0.109,1.02,混戦,False
20260621-02-10,02,10,3,ジュンラトゥール,,,13.24,24,近走上昇; 同種T1勝; 同距離複勝3回; 斤量増2.0kg,,,,False
20260621-02-10,02,10,4,タイヨウフレア,△,4,60.19,19,近走上昇; 同種T1勝; 同距離複勝3回; 同場距離帯複勝1回,0.038,2.26,混戦,False
20260621-02-10,02,10,5,クリノキングマン,,,28.96,96,近走下降; 格上挑戦+3; 前走大敗15着; 斤量増3.0kg,,,,False
20260621-02-10,02,10,6,チャーリー,○,2,1.21,21,頭数補正上位16%; 直近で1着あり; 直近3着内2回; 同種T2勝,0.364,0.44,混戦,False
20260621-02-10,02,10,7,ラマンシュ,☆,5,35.17,17,直近で1着あり; 近走下降; 同種T1勝; 同距離複勝3回,0.04,1.4,混戦,False
20260621-02-10,02,10,8,アールプロスト,,,37.68,68,近走上昇; 同距離複勝2回; 斤量増3.0kg; 持ち時計平凡,,,,False
20260621-02-10,02,10,9,ライフゲート,◎,1,8.72,72,近走下降; 同種T2勝; 同距離複勝5回; 同場2勝; 信頼度=混戦(2位差3.0),0.111,0.97,混戦,False
20260621-02-11,02,11,1,トールキン,,,39.215,215,近走上昇; 同距離5走; 斤量減4.0kg; 騎手勝率2%,,,,False
20260621-02-11,02,11,2,メルトユアハート,,,9.55,55,格上挑戦+2; 間隔長め77日; 前走9着; sprint risk,,,,False
20260621-02-11,02,11,3,エヴァンスウィート,○,2,9.13,13,近走下降; 同種T1勝; 同距離複勝3回; 同場複勝2回,0.132,1.2,接戦,False
20260621-02-11,02,11,4,パクスロマーナ,☆,5,28.011,11,同種T複勝2回; 同距離複勝2回; 前走大敗15着; 斤量減3.0kg,0.009000000000000001,0.27,接戦,False
20260621-02-11,02,11,5,スティールブルー,,,12.77,77,近走上昇; 間隔長め84日; 斤量減3.0kg; 上がり最速級33.7,,,,False
20260621-02-11,02,11,6,シカゴスティング,,,4.81,81,近走上昇; 同距離4走; 格上挑戦+2; 間隔長め92日,,,,False
20260621-02-11,02,11,7,ダークエクリプス,,,32.913,913,近走下降; 同種T1勝; 同距離3走; 前走11着,,,,False
20260621-02-11,02,11,8,サムハンター,,,35.314,314,近走下降; 相手関係緩和; 間隔長め77日; 前走大敗14着,,,,False
20260621-02-11,02,11,9,ルーフ,,,28.011,11,同種T複勝2回; 同距離複勝3回; 間隔長め92日; 前走9着,,,,False
20260621-02-11,02,11,10,エコロジーク,,,13.18,18,近走上昇; 同距離3走; 重賞経験あり; 前走8着,,,,False
20260621-02-11,02,11,11,ヴェサリウス,,,9.13,13,同距離6走; 間隔長め84日; 斤量減2.0kg; 上がり最速級33.4,,,,False
20260621-02-11,02,11,12,ドゥアムール,▲,3,5.32,32,近走上昇; 同種T1勝; 同距離複勝1回; 同場1勝,0.073,0.39,接戦,False
20260621-02-11,02,11,13,アシャカタカ,△,4,13.79,79,同距離複勝3回; 休み明け112日; 前走大敗15着; 斤量減4.0kg,0.124,1.7,接戦,False
20260621-02-11,02,11,14,アスティスプマンテ,◎,1,11.56,56,近走下降; 同種T2勝; 同距離複勝4回; 前走10着; 信頼度=接戦(2位差13.0),0.17300000000000001,1.99,接戦,False
20260621-02-11,02,11,15,ゴールドサーベル,,,15.81,810,近走下降; 同種T1勝; 同距離複勝1回; 同場1勝,,,,False
20260621-02-12,02,12,1,タイキルッジェーロ,△,4,7.73,73,直近で1着あり; 近走下降; 同距離複勝1回; 重賞経験あり,0.13699999999999998,1.06,接戦,False
20260621-02-12,02,12,2,コッツォリーノ,◎,1,1.91,91,直近3着内2回; 近走上昇; 同種T1勝; 同距離複勝2回; 信頼度=接戦(2位差8.0),0.22399999999999998,0.43,接戦,False
20260621-02-12,02,12,3,ウインベラーノ,○,2,11.66,66,同種T1勝; 同距離複勝2回; 同場1勝; 同場距離帯複勝2回,0.115,1.33,接戦,False
20260621-02-12,02,12,4,ポタリング,,,21.48,48,同種T1勝; 同距離複勝1回; 斤量減3.0kg; 騎手勝率0%,,,,False
20260621-02-12,02,12,5,マイネルモメンタム,,,10.64,64,近走上昇; 同距離3走; 同場不振3走; 上がり良好35.7,,,,False
20260621-02-12,02,12,6,グレーヌドジョワ,,,17.77,77,同距離複勝1回; 間隔長め78日; 前走11着; 斤量減2.0kg,,,,False
20260621-02-12,02,12,7,マイバラード,,,29.09,9,同場不振3走; 休み明け112日; 前走11着; 上がり良好34.8,,,,False
20260621-02-12,02,12,8,スタードメイソン,,,31.91,910,直近で1着あり; 近走下降; 同種T1勝; 間隔長め70日,,,,False
20260621-02-12,02,12,9,ナイスプレーアスク,☆,5,11.45,45,直近で1着あり; 近走下降; 間隔長め99日; 前走大敗12着,0.115,1.31,接戦,False
20260621-02-12,02,12,10,ネッタイヤライ,▲,3,5.92,92,同種T複勝2回; 同距離複勝2回; 重賞経験あり; 間隔長め91日,0.146,0.86,接戦,False
20260621-05-01,05,1,1,キャプテンシー,,,16.26,26,近走下降; 長距離未経験; 相手関係緩和; 間隔長め77日,,,,False
20260621-05-01,05,1,2,セイウンパシュート,,,14.15,15,近走上昇; 長距離不振6走; 休み明け112日; 前走9着,,,,False
20260621-05-01,05,1,3,グランジョルノ,△,4,7.54,54,近走上昇; 上がり最速級13.4; 持ち時計平凡; 相対時計不足,0.121,0.91,混戦,False
20260621-05-01,05,1,4,テーオーレガシー,,,67.912,912,長距離未経験; 前走大敗13着; 斤量増5.0kg; 騎手勝率13%,,,,False
20260621-05-01,05,1,5,メイショウカゼマチ,,,18.67,67,近走上昇; 相手関係緩和; 騎手勝率1%; 上がり最速級13.3,,,,False
20260621-05-01,05,1,6,ヒロピアーナ,,,215.114,114,近走上昇; 長距離不振3走; 間隔長め84日; 前走大敗13着,,,,False
20260621-05-01,05,1,7,アップストローク,,,87.813,813,近走下降; 相手関係緩和; 前走大敗13着; 上がり最速級14.6,,,,False
20260621-05-01,05,1,8,ブライトマン,▲,3,5.03,3,直近で1着あり; 近走下降; 相手関係緩和; 間隔長め70日,0.115,0.57,混戦,False
20260621-05-01,05,1,9,ダスク,◎,1,4.02,2,長距離複勝2回; 騎手勝率12%; 上がり最速級13.3; 持ち時計平凡; 信頼度=混戦(2位差3.0),0.153,0.61,混戦,False
20260621-05-01,05,1,10,プレミアブルー,☆,5,21.08,8,近走上昇; 長距離不振3走; 相手関係緩和; 騎手勝率3%,0.012,0.26,混戦,False
20260621-05-01,05,1,11,ゴールデンステップ,○,2,2.91,91,直近3着内2回; 長距離複勝2回; 騎手勝率14%; 上がり最速級13.3,0.205,0.59,混戦,False
20260621-05-01,05,1,12,アルシミスト,,,47.211,211,間隔長め78日; 前走大敗12着; 上がり最速級14.3; 持ち時計平凡,,,,False
20260621-05-01,05,1,13,デスティネ,,,43.31,310,長距離不振6走; 騎手勝率0%; 上がり最速級13.2; 持ち時計平凡,,,,False
20260621-05-01,05,1,14,ジャクソン,,,41.89,89,長距離未経験; 相手関係緩和; 間隔長め91日; 騎手勝率2%,,,,False
20260621-05-02,05,2,1,シャトーベスト,,,130.814,814,前走大敗13着; 斤量減4.0kg; 騎手勝率0%; 上がり鈍い43.4,,,,False
20260621-05-02,05,2,2,ダノンマスタング,◎,1,2.21,21,同距離複勝1回; 休み明け217日; 騎手勝率28%; 調教師勝率15%; 信頼度=混戦(2位差1.0),0.41200000000000003,0.91,混戦,False
20260621-05-02,05,2,3,ライトアファイア,,,20.17,17,近走上昇; 休み明け288日; 斤量増2.0kg; 相対時計優秀,,,,False
20260621-05-02,05,2,4,フィオリータ,☆,5,118.613,613,前走9着; 調教師勝率15%,0.011000000000000001,1.36,混戦,False
20260621-05-02,05,2,5,ファインブライト,,,31.08,8,上がり鈍い40.3; 持ち時計平凡,,,,False
20260621-05-02,05,2,6,モロノラピド,,,162.715,715,前走10着; 上がり鈍い44.5; 持ち時計平凡; 相対時計不足,,,,False
20260621-05-02,05,2,7,ブルージンジャー,,,37.79,79,前走9着,,,,False
20260621-05-02,05,2,8,アクアマーズ,,,4.52,52,近走下降; 間隔長め91日; 前走9着; 騎手勝率16%,,,,False
20260621-05-02,05,2,9,キーチジャステン,,,38.41,410,前走10着; 斤量増2.0kg,,,,False
20260621-05-02,05,2,10,パチクリベスクリ,,,82.711,711,前走11着; 斤量減3.0kg; 騎手勝率1%,,,,False
20260621-05-02,05,2,11,モンスターラッシュ,▲,3,6.63,63,近走上昇; 同距離複勝1回; 同場距離帯複勝1回,0.055,0.36,混戦,False
20260621-05-02,05,2,12,デルマシラカミ,△,4,175.316,316,,0.003,0.59,混戦,False
20260621-05-02,05,2,13,ラッキーモア,,,12.05,5,,,,,False
20260621-05-02,05,2,14,ニットウライズ,,,116.112,112,前走10着; 騎手勝率3%,,,,False
20260621-05-02,05,2,15,カフェタンガロア,,,16.86,86,近走上昇; 騎手勝率0%; 上がり鈍い40.8; 持ち時計平凡,,,,False
20260621-05-02,05,2,16,ファイアリービート,○,2,8.44,44,近走上昇; 同距離複勝1回; 同場距離帯複勝1回; 騎手勝率3%,0.042,0.35,混戦,False
20260621-05-03,05,3,1,ツウカイウォリアー,,,113.016,16,前走大敗14着; 騎手勝率0%; 調教師勝率11%,,,,False
20260621-05-03,05,3,2,ウォーレーションズ,,,14.17,17,近走上昇; 調教師勝率11%; 上がり2位経験,,,,False
20260621-05-03,05,3,3,ザンテソーロ,▲,3,5.83,83,近走上昇; 同距離複勝1回; 同場距離帯複勝1回; 騎手勝率16%,0.11,0.64,標準,False
20260621-05-03,05,3,4,クリムゾンリーフ,◎,1,3.61,61,直近3着内2回; 近走上昇; 同種T複勝3回; 同距離複勝2回; 信頼度=標準(2位差19.0),0.273,0.98,標準,False
20260621-05-03,05,3,5,ユイノサダハル,△,4,12.25,25,同距離複勝1回; 同場距離帯複勝1回; 騎手勝率2%; 持ち時計平凡,0.013999999999999999,0.17,標準,False
20260621-05-03,05,3,6,ネイティヴプライド,○,2,12.36,36,近走上昇; 同距離複勝1回; 同場距離帯複勝1回; 持ち時計平凡,0.086,1.06,標準,False
20260621-05-03,05,3,7,アスパラゴ,,,51.514,514,前走8着; 調教師勝率10%; 上がり鈍い41.4; 持ち時計平凡,,,,False
20260621-05-03,05,3,8,マイネルシュラハト,,,20.58,58,近走下降; 同距離5走; 前走10着; 騎手勝率1%,,,,False
20260621-05-03,05,3,9,フォンドルレール,,,4.42,42,同距離複勝1回; 騎手勝率3%,,,,False
20260621-05-03,05,3,10,ヤマメナイト,,,35.012,12,近走上昇; 同距離3走; 間隔長め84日; 騎手勝率2%,,,,False
20260621-05-03,05,3,11,コスモラムバック,,,33.511,511,近走下降; 同距離複勝1回; 同場距離帯複勝1回; 前走11着,,,,False
20260621-05-03,05,3,12,ロードリュイール,,,36.113,113,間隔長め78日; 前走大敗12着; 斤量増2.0kg; 調教師勝率15%,,,,False
20260621-05-03,05,3,13,ウインガネーシャ,☆,5,10.44,44,近走上昇; 同距離複勝1回; 同場距離帯複勝1回; 上がり鈍い39.1,0.04,0.41,標準,False
20260621-05-03,05,3,14,レイランディ,,,26.51,510,間隔長め71日; 前走大敗12着; 斤量減3.0kg; 騎手勝率1%,,,,False
20260621-05-03,05,3,15,エオリアンリッジ,,,24.39,39,間隔長め99日; 前走10着; 騎手勝率2%,,,,False
20260621-05-03,05,3,16,キョウエイアート,,,78.115,115,近走上昇; 休み明け131日; 前走10着; 斤量減3.0kg,,,,False
20260621-05-04,05,4,1,シュートザワークス,,,5.23,23,sprint risk,,,,False
20260621-05-04,05,4,2,アラータス,,,35.48,48,騎手勝率2%; sprint risk,,,,False
20260621-05-04,05,4,3,シャンパンアワー,,,16.85,85,sprint risk,,,,False
20260621-05-04,05,4,4,クラウンフラッグ,○,2,60.31,310,sprint risk,0.051,3.1,標準,False
20260621-05-04,05,4,5,エムアイブレイズ,▲,3,18.46,46,sprint risk,0.047,0.86,標準,False
20260621-05-04,05,4,6,タクティシアン,◎,1,1.91,91,騎手勝率28%; 調教師勝率13%; sprint risk; 信頼度=標準(2位差14.0),0.28800000000000003,0.55,標準,False
20260621-05-04,05,4,7,ミエルモーサ,☆,5,4.02,2,調教師勝率11%; sprint risk,0.109,0.43,標準,False
20260621-05-04,05,4,8,シーズザチャンス,,,31.17,17,sprint risk,,,,False
20260621-05-04,05,4,9,イサチルサリーレ,△,4,12.74,74,sprint risk,0.132,1.67,標準,False
20260621-05-04,05,4,10,コールドスリープ,,,38.49,49,sprint risk,,,,False
20260621-05-05,05,5,1,トーセンマスラオ,△,4,31.21,210,,0.022000000000000002,0.7,標準,False
20260621-05-05,05,5,2,フルーツバスケット,,,19.79,79,騎手勝率3%,,,,False
20260621-05-05,05,5,3,ホウオウビリーヴ,▲,3,8.24,24,調教師勝率15%,0.052000000000000005,0.42,標準,False
20260621-05-05,05,5,4,ノドゥス,☆,5,6.93,93,,0.098,0.68,標準,False
20260621-05-05,05,5,5,キャピタルストーン,,,11.66,66,騎手勝率3%,,,,False
20260621-05-05,05,5,6,コスモシグナス,,,38.211,211,,,,,False
20260621-05-05,05,5,7,レイデアルマス,,,6.72,72,,,,,False
20260621-05-05,05,5,8,アヴィアトーレ,,,19.08,8,,,,,False
20260621-05-05,05,5,9,ラガリーガ,◎,1,2.61,61,騎手勝率28%; 調教師勝率17%; 信頼度=標準(2位差10.0),0.314,0.82,標準,False
20260621-05-05,05,5,10,ニシノツムジカゼ,,,66.113,113,騎手勝率2%; 調教師勝率10%,,,,False
20260621-05-05,05,5,11,マイネルアルディ,,,56.912,912,騎手勝率1%,,,,False
20260621-05-05,05,5,12,マイネルリコルディ,,,10.75,75,,,,,False
20260621-05-05,05,5,13,ダノンコレクト,○,2,12.27,27,騎手勝率16%; 調教師勝率13%,0.079,0.97,標準,False
20260621-05-06,05,6,1,セルリア,,,34.211,211,近走上昇; 同距離6走; 同場不振4走; 同場距離帯不振4走,,,,False
20260621-05-06,05,6,2,ウインテラジーナ,,,7.03,3,上がり良好34.7; 相対時計優秀; 上がり2位経験,,,,False
20260621-05-06,05,6,3,ロックユアライフ,,,21.71,710,調教師勝率15%,,,,False
20260621-05-06,05,6,4,サイモンナイスラン,,,62.513,513,近走上昇; 騎手勝率1%; 上がり最速級33.8; 持ち時計平凡,,,,False
20260621-05-06,05,6,5,ブラーヴジャン,,,14.58,58,同距離3走; 同場不振3走; 上がり最速級34.0; 持ち時計平凡,,,,False
20260621-05-06,05,6,6,ヴィクトリーマンボ,,,42.712,712,休み明け182日; 前走大敗12着; 騎手勝率1%; 調教師勝率15%,,,,False
20260621-05-06,05,6,7,フィレルレーヴ,,,98.316,316,休み明け238日; 前走大敗12着; 騎手勝率3%,,,,False
20260621-05-06,05,6,8,ダノンアスコルティ,◎,1,3.61,61,同距離複勝1回; 同場距離帯複勝1回; 騎手勝率28%; 調教師勝率15%; 信頼度=混戦(2位差1.0),0.287,1.03,混戦,True
20260621-05-06,05,6,9,ニシノカルラ,,,69.114,114,同距離4走; 間隔長め91日; 前走10着; 騎手勝率2%,,,,False
20260621-05-06,05,6,10,ヘクトルテソーロ,,,19.09,9,近走上昇,,,,False
20260621-05-06,05,6,11,エヴァンスベイ,○,2,11.46,46,頭数補正上位15%; 直近3着内2回; 同種T複勝2回; 同距離複勝2回,0.09,1.03,混戦,False
20260621-05-06,05,6,12,スカイリッチ,☆,5,9.04,4,近走下降; 同種T複勝2回; 同場複勝2回; 同場距離帯複勝2回,0.096,0.86,混戦,False
20260621-05-06,05,6,13,ジーティーヒラリ,,,95.815,815,休み明け119日; 前走大敗12着,,,,False
20260621-05-06,05,6,14,ウインドオブヘヴン,,,12.57,57,近走上昇; 同距離複勝1回; 同場距離帯複勝1回; 騎手勝率2%,,,,False
20260621-05-06,05,6,15,スチールギターラグ,▲,3,10.15,15,頭数補正上位12%; 同距離複勝1回; 同場距離帯複勝1回; 調教師勝率14%,0.034,0.34,混戦,False
20260621-05-06,05,6,16,シャルムグリーン,△,4,5.42,42,頭数補正上位7%; 直近3着内3回; 同距離複勝3回; 休み明け147日,0.159,0.86,混戦,False
20260621-05-07,05,7,1,ローズブーケ,,,14.38,38,頭数補正上位0%; 直近で1着あり; 同種T1勝; 同場1勝,,,,False
20260621-05-07,05,7,2,ハニーオーケストラ,,,61.814,814,直近で1着あり; 近走下降; 間隔長め71日; 前走10着,,,,False
20260621-05-07,05,7,3,ラルガメンテ,,,13.87,87,近走上昇; 騎手勝率16%; 上がり鈍い39.6; 持ち時計平凡,,,,False
20260621-05-07,05,7,4,カサビセンス,,,88.515,515,同種T複勝2回; 前走8着; 上がり鈍い39.0; 持ち時計平凡,,,,False
20260621-05-07,05,7,5,ヴンダーバール,◎,1,2.61,61,頭数補正上位14%; 直近で1着あり; 直近3着内2回; 近走下降; 信頼度=標準(2位差23.0),0.261,0.68,標準,False
20260621-05-07,05,7,6,シオンダンサー,☆,5,11.25,25,直近で1着あり; 直近3着内2回; 近走下降; 同距離複勝1回,0.078,0.87,標準,False
20260621-05-07,05,7,7,テルケンユミクイン,,,19.711,711,近走上昇; 上がり鈍い39.1; 持ち時計平凡; 相対時計優秀,,,,False
20260621-05-07,05,7,8,ディペンダブル,,,12.56,56,近走上昇; 同種T複勝2回; 間隔長め84日; 持ち時計平凡,,,,False
20260621-05-07,05,7,9,ブルーサーマル,○,2,17.29,29,頭数補正上位9%; 直近で1着あり; 直近3着内2回; 同種T1勝,0.171,2.94,標準,False
20260621-05-07,05,7,10,ファンシーズ,,,8.32,32,近走上昇; 同距離複勝1回; 同場距離帯複勝1回; 持ち時計平凡,,,,False
20260621-05-07,05,7,11,クラリネットソナタ,△,4,10.54,54,近走上昇; 同種T複勝2回; 同距離複勝1回; 同場複勝2回,0.079,0.83,標準,False
20260621-05-07,05,7,12,ジュエルハウス,,,44.012,12,間隔長め91日; 前走11着; 斤量増2.0kg; 騎手勝率2%,,,,False
20260621-05-07,05,7,13,リケアマカロニ,▲,3,10.13,13,直近で1着あり; 近走下降; 同種T1勝; 同距離複勝2回,0.079,0.8,標準,False
20260621-05-07,05,7,14,ジューンミレニアム,,,142.416,416,前走大敗15着; 騎手勝率1%; 調教師勝率11%,,,,False
20260621-05-07,05,7,15,ルージュミレネール,,,46.913,913,近走下降; 同距離3走; 重賞経験あり; 前走大敗12着,,,,False
20260621-05-07,05,7,16,エイミームーン,,,18.11,110,同場不振6走; 前走大敗13着; 斤量減3.0kg; 騎手勝率2%,,,,False
20260621-05-08,05,8,1,ポッドロルフ,,,35.011,11,同種T1勝; 同距離複勝1回; 上がり最速級34.1; 持ち時計平凡,,,,False
20260621-05-08,05,8,2,スワローシチー,,,14.66,66,近走上昇; 同距離複勝1回; 同場距離帯複勝1回; 上がり最速級33.8,,,,False
20260621-05-08,05,8,3,ラベルセーヌ,☆,5,2.71,71,直近で1着あり; 近走下降; 重賞経験あり; 斤量減2.0kg,0.114,0.31,混戦,False
20260621-05-08,05,8,4,スターチスブーケ,,,81.014,14,近走上昇; 上がり良好35.0; 持ち時計平凡,,,,False
20260621-05-08,05,8,5,アトリウムチャペル,,,24.38,38,近走上昇; 同距離3走; 上がり最速級33.0; 持ち時計平凡,,,,False
20260621-05-08,05,8,6,ライネリーベ,,,12.35,35,頭数補正上位11%; 直近で1着あり; 直近3着内2回; 同種T1勝,,,,False
20260621-05-08,05,8,7,スマイルカーブ,,,32.51,510,近走上昇; 同距離3走; 重賞経験あり; 間隔長め71日,,,,False
20260621-05-08,05,8,8,マニス,,,180.116,116,同種T1勝; 同距離複勝1回; 同場1勝; 同場距離帯複勝1回,,,,False
20260621-05-08,05,8,9,サンデースマッシュ,▲,3,31.89,89,直近で1着あり; 直近3着内2回; 近走下降; 同種T1勝,0.013999999999999999,0.45,混戦,False
20260621-05-08,05,8,10,タイセイアストロ,,,11.54,54,直近で1着あり; 近走下降; 同種T複勝2回; 同距離複勝2回,,,,False
20260621-05-08,05,8,11,フェーダーローター,,,76.913,913,同種T1勝; 同場1勝; 重賞経験あり; 前走11着,,,,False
20260621-05-08,05,8,12,モートンアイランド,○,2,4.72,72,頭数補正上位14%; 直近で1着あり; 直近3着内2回; 同種T1勝,0.17800000000000002,0.84,混戦,False
20260621-05-08,05,8,13,タイキバルドル,,,57.112,112,同距離9走; 同場不振3走; 同場距離帯不振3走; 間隔長め84日,,,,False
20260621-05-08,05,8,14,マツリダイコ,△,4,14.77,77,直近で1着あり; 同種T1勝; 同距離複勝1回; 同場1勝,0.027000000000000003,0.4,混戦,False
20260621-05-08,05,8,15,オルグジェシダ,◎,1,5.53,53,頭数補正上位5%; 直近で1着あり; 直近3着内3回; 同種T1勝; 信頼度=混戦(2位差-3.0),0.28300000000000003,1.55,混戦,True
20260621-05-08,05,8,16,パーリーブラック,,,114.715,715,休み明け763日; 騎手勝率2%,,,,False
20260621-05-09,05,9,1,ドントゥザムーン,,,16.97,97,近走上昇; 同種T1勝; 同距離複勝3回; 同場1勝,,,,False
20260621-05-09,05,9,2,ポッドドンナー,,,15.96,96,同距離複勝1回; 持ち時計平凡; 相対時計優秀; 上がり1位経験,,,,False
20260621-05-09,05,9,3,ワーズワース,,,37.513,513,同距離複勝1回; 休み明け197日; 上がり良好35.0; 持ち時計平凡,,,,False
20260621-05-09,05,9,4,シホノペルフェット,,,33.611,611,近走上昇; 同距離複勝1回; 同場距離帯複勝1回; 調教師勝率14%,,,,False
20260621-05-09,05,9,5,モンシェリ,,,82.815,815,直近で1着あり; 直近3着内2回; 同種T1勝; 同距離複勝1回,,,,False
20260621-05-09,05,9,6,アクアマリーナ,☆,5,15.15,15,頭数補正上位13%; 直近で1着あり; 直近3着内2回; 同種T1勝,0.04,0.6,混戦,False
20260621-05-09,05,9,7,フォースミラクル,○,2,17.98,98,直近で1着あり; 近走上昇; 同種T1勝; 同距離複勝2回,0.26,4.65,混戦,False
20260621-05-09,05,9,8,タカスタカスタカス,,,2.61,61,頭数補正上位5%; 直近で1着あり; 直近3着内3回; 同距離複勝1回,,,,False
20260621-05-09,05,9,9,マジッククッキー,◎,1,5.42,42,同種T2勝; 同距離複勝4回; 同場2勝; 同場距離帯複勝3回; 信頼度=混戦(2位差-1.0),0.065,0.35,混戦,False
20260621-05-09,05,9,10,ライトオブヌカタ,,,33.912,912,直近で1着あり; 近走下降; 同距離複勝2回; 間隔長め98日,,,,False
20260621-05-09,05,9,11,フィドルファドル,▲,3,6.03,3,頭数補正上位18%; 直近3着内2回; 近走上昇; 同種T1勝,0.06,0.36,混戦,False
20260621-05-09,05,9,12,サザンウォリアー,,,151.516,516,直近で1着あり; 直近3着内2回; 格上挑戦+2; 休み明け172日,,,,False
20260621-05-09,05,9,13,シュレン,△,4,30.41,410,直近で1着あり; 近走上昇; 同種T1勝; 同距離複勝2回,0.085,2.59,混戦,False
20260621-05-09,05,9,14,ライジンマル,,,44.014,14,sprint risk; 持ち時計平凡; 相対時計優秀,,,,False
20260621-05-09,05,9,15,キョウエイカンセ,,,19.59,59,近走上昇; 同種T1勝; 同距離複勝2回; 同場複勝3回,,,,False
20260621-05-09,05,9,16,ゴールデンカイト,,,13.64,64,直近で1着あり; 近走下降; 同距離複勝2回; 休み明け141日,,,,False
20260621-05-10,05,10,1,モンシュマン,,,19.19,19,近走上昇; 斤量増2.0kg; 調教師勝率12%; 上がり最速級32.8,,,,False
20260621-05-10,05,10,2,モンドデラモーレ,,,7.23,23,近走上昇; 同距離複勝2回; 同場距離帯複勝1回; 重賞経験あり,,,,False
20260621-05-10,05,10,3,エフォートレス,△,4,12.77,77,直近で1着あり; 近走上昇; 同種T1勝; 同距離複勝3回,0.107,1.36,高信頼,False
20260621-05-10,05,10,4,グーテンベルク,☆,5,9.14,14,近走上昇; 同種T1勝; 同距離複勝1回; 同場1勝,0.013999999999999999,0.13,高信頼,False
20260621-05-10,05,10,5,ユハンヌス,▲,3,19.91,910,近走下降; 同種T複勝3回; 同距離複勝4回; 同場複勝2回,0.016,0.32,高信頼,False
20260621-05-10,05,10,6,ダノンエンブレム,○,2,11.86,86,直近で1着あり; 直近勝利2回; 同種T2勝; 同場2勝,0.149,1.76,高信頼,False
20260621-05-10,05,10,7,サトノヴィレ,,,67.415,415,直近で1着あり; 近走上昇; 同種T1勝; 同距離3走,,,,False
20260621-05-10,05,10,8,フライングブレード,,,60.714,714,近走下降; 同距離4走; 休み明け105日; 前走大敗12着,,,,False
20260621-05-10,05,10,9,レッドキングリー,◎,1,3.61,61,頭数補正上位9%; 直近で1着あり; 直近勝利2回; 同種T2勝; 信頼度=高信頼(2位差29.0),0.494,1.78,高信頼,False
20260621-05-10,05,10,10,ラーンザロープス,,,5.42,42,上がり最速級34.3; 持ち時計平凡; 相対時計優秀,,,,False
20260621-05-10,05,10,11,マックアルイーン,,,23.211,211,休み明け112日; 前走10着; 調教師勝率15%; 上がり最速級33.2,,,,False
20260621-05-10,05,10,12,マテンロウブラボー,,,10.65,65,直近3着内2回; 同種T複勝2回; 調教師勝率11%; 上がり最速級33.6,,,,False
20260621-05-10,05,10,13,セシリエプラージュ,,,44.813,813,近走上昇; 同距離3走; 斤量増3.0kg; 上がり最速級32.5,,,,False
20260621-05-10,05,10,14,スマイルアップ,,,85.516,516,直近で1着あり; 近走下降; 同距離複勝1回; 休み明け147日,,,,False
20260621-05-10,05,10,15,ウナギノボリ,,,35.512,512,近走下降; 同距離3走; 前走大敗14着; 斤量増4.0kg,,,,False
20260621-05-10,05,10,16,ウインオーディン,,,18.48,48,同種T複勝2回; 前走大敗12着; 調教師勝率14%; 上がり最速級32.5,,,,False
20260621-05-11,05,11,1,マカナ,,,16.37,37,直近で1着あり; 直近勝利2回; 近走下降; 同種T2勝,,,,False
20260621-05-11,05,11,2,ウイントワイライト,,,23.51,510,直近で1着あり; 近走下降; 同種T2勝; 同場2勝,,,,False
20260621-05-11,05,11,3,ブラウンラチェット,,,91.314,314,近走上昇; 重賞経験あり; 同格以上実績不足; 同格以上接戦敗1回,,,,False
20260621-05-11,05,11,4,ミアネーロ,,,92.415,415,近走下降; 重賞経験あり; 格上挑戦+5; OP risk,,,,False
20260621-05-11,05,11,5,エストゥペンダ,◎,1,8.64,64,頭数補正上位17%; 直近で1着あり; 直近勝利2回; 同種T1勝; 信頼度=混戦(2位差1.0),0.124,1.06,混戦,False
20260621-05-11,05,11,6,ヴァルキリーバース,,,2.91,91,直近で1着あり; 近走上昇; 上級条件で実績薄; OP risk,,,,False
20260621-05-11,05,11,7,セキトバイースト,,,11.35,35,同種T1勝; 同距離複勝1回; 同場1勝; 同場距離帯複勝1回,,,,False
20260621-05-11,05,11,8,ニシノティアモ,○,2,6.22,22,直近で1着あり; 近走下降; 同種T1勝; 同距離複勝2回,0.098,0.61,混戦,False
20260621-05-11,05,11,9,テリオスララ,,,27.812,812,直近で1着あり; 同種T1勝; 同距離複勝1回; 同場1勝,,,,False
20260621-05-11,05,11,10,ホールネス,,,25.511,511,重賞経験あり; 同格以上接戦敗1回; 前走8着; 調教師勝率14%,,,,False
20260621-05-11,05,11,11,テレサ,☆,5,22.09,9,近走上昇; 同距離複勝2回; 重賞経験あり; 同格以上複勝あり,0.013000000000000001,0.28,混戦,False
20260621-05-11,05,11,12,コガネノソラ,△,4,7.63,63,多頭数健闘33%; 直近で1着あり; 近走上昇; 同距離複勝2回,0.142,1.08,混戦,False
20260621-05-11,05,11,13,ビップデイジー,,,44.013,13,近走上昇; 重賞経験あり; 同格以上実績不足; 同格以上接戦敗3回,,,,False
20260621-05-11,05,11,14,パラディレーヌ,,,18.08,8,近走下降; 同距離複勝2回; 重賞経験あり; 相手関係緩和,,,,False
20260621-05-11,05,11,15,ルージュソリテール,▲,3,12.06,6,頭数補正上位11%; 直近で1着あり; 直近3着内3回; 同種T1勝,0.033,0.4,混戦,False
20260621-05-11,05,11,16,セントメモリーズ,,,132.516,516,近走上昇; OP risk; 間隔長め78日; 前走大敗14着,,,,False
20260621-05-12,05,12,1,アンティミスト,,,6.73,73,近走上昇; 間隔長め70日; 斤量減2.0kg; sprint risk,,,,False
20260621-05-12,05,12,2,ディクシーヴォーグ,,,83.816,816,格上挑戦+2; 間隔長め71日; 前走大敗12着; 騎手勝率2%,,,,False
20260621-05-12,05,12,3,アイスブレイカー,△,4,77.315,315,同種T2勝; 同距離複勝2回; 同場2勝; 同場距離帯複勝2回,0.004,0.33,混戦,False
20260621-05-12,05,12,4,タリスマン,,,54.814,814,同距離3走; 間隔長め85日; 前走10着; 騎手勝率4%,,,,False
20260621-05-12,05,12,5,カンレイスター,▲,3,8.56,56,頭数補正上位4%; 直近で1着あり; 直近3着内3回; 間隔長め78日,0.131,1.11,混戦,False
20260621-05-12,05,12,6,ツマヤ,,,42.511,511,間隔長め78日; 前走11着; 騎手勝率3%; sprint risk,,,,False
20260621-05-12,05,12,7,シャオシンユン,,,45.312,312,近走下降; 休み明け287日; 前走大敗13着; 斤量増4.0kg,,,,False
20260621-05-12,05,12,8,エフエイト,,,26.91,910,同距離複勝1回; 前走8着; 騎手勝率2%; 持ち時計優秀,,,,False
20260621-05-12,05,12,9,アルプスオジョー,,,24.39,39,近走上昇; 同距離3走; 同場不振3走; 同場距離帯不振3走,,,,False
20260621-05-12,05,12,10,スタームーンナイト,○,2,4.11,11,頭数補正上位16%; 直近で1着あり; 直近3着内2回; 近走上昇,0.18,0.74,混戦,False
20260621-05-12,05,12,11,ペロ,,,20.48,48,直近3着内2回; 同種T複勝2回; 同距離複勝1回; 同場距離帯複勝1回,,,,False
20260621-05-12,05,12,12,レイズテンペスト,◎,1,8.24,24,頭数補正上位15%; 直近で1着あり; 近走上昇; 同種T1勝; 信頼度=混戦(2位差1.0),0.22699999999999998,1.86,混戦,False
20260621-05-12,05,12,13,タヤスロレンヌ,,,17.17,17,直近で1着あり; 近走下降; 重賞経験あり; 間隔長め92日,,,,False
20260621-05-12,05,12,14,グランドフォレスト,,,51.713,713,近走上昇; 間隔長め71日; 前走大敗14着; 斤量減3.0kg,,,,False
20260621-05-12,05,12,15,タイキブリッツェン,☆,5,4.72,72,近走上昇; 同種T1勝; 同距離複勝1回; 同場1勝,0.069,0.33,混戦,False
20260621-05-12,05,12,16,ロードトライデント,,,8.35,35,頭数補正上位16%; 直近で1着あり; 直近3着内2回; 近走上昇,,,,False
20260621-09-01,09,1,1,メイショウナナユキ,◎,1,2.51,51,頭数補正上位9%; 直近3着内3回; 同種T複勝3回; 同距離複勝3回; 信頼度=接戦(2位差27.0),0.33,0.82,接戦,False
20260621-09-01,09,1,2,ファイナルコマンド,,,83.21,210,前走大敗16着; 斤量減3.0kg; 騎手勝率2%; sprint risk,,,,False
20260621-09-01,09,1,3,ゴールドアーチ,▲,3,3.32,32,騎手勝率17%; sprint risk; 上がり1位経験,0.077,0.26,接戦,False
20260621-09-01,09,1,4,ムソウテンセイ,,,166.414,414,近走上昇; 同距離3走; 前走9着; sprint risk,,,,False
20260621-09-01,09,1,5,ミヤノラングリー,△,4,34.67,67,間隔長め99日; 前走11着; sprint risk; 父系同馬場複勝38%,0.068,2.35,接戦,False
20260621-09-01,09,1,6,ペコリズム,,,123.612,612,近走上昇; 前走9着; sprint risk,,,,False
20260621-09-01,09,1,7,アイアン,,,47.28,28,sprint risk,,,,False
20260621-09-01,09,1,8,サクライロマウコロ,,,159.013,13,近走下降; 休み明け176日; 前走大敗14着; 斤量減2.0kg,,,,False
20260621-09-01,09,1,9,テーオーシーザー,,,188.616,616,休み明け126日; 前走11着; sprint risk,,,,False
20260621-09-01,09,1,10,モチモチチャン,,,53.09,9,近走上昇; 間隔長め70日; sprint risk; 上がり鈍い39.4,,,,False
20260621-09-01,09,1,11,サンライズフリード,,,9.55,55,同場不振4走; 騎手勝率0%; sprint risk; 上がり鈍い39.4,,,,False
20260621-09-01,09,1,12,ベストレイク,☆,5,7.83,83,近走上昇; sprint risk; 持ち時計平凡,0.03,0.24,接戦,False
20260621-09-01,09,1,13,コラカオ,,,88.911,911,近走上昇; 間隔長め70日; 前走10着; 斤量増2.0kg,,,,False
20260621-09-01,09,1,14,マイベスティー,,,10.06,6,近走上昇; 騎手勝率0%; sprint risk; 上がり鈍い40.4,,,,False
20260621-09-01,09,1,15,シャンジュマン,,,176.515,515,騎手勝率3%; 調教師勝率14%; sprint risk,,,,False
20260621-09-01,09,1,16,オアシスアラン,○,2,8.94,94,同距離3走; 同場不振3走; 同場距離帯不振3走; 騎手勝率14%,0.032,0.29,接戦,False
20260621-09-02,09,2,1,バトルセレーネ,,,108.016,16,前走大敗12着,,,,False
20260621-09-02,09,2,2,ムーンライトダイヤ,▲,3,6.63,63,近走上昇; 同距離複勝1回; 上がり最速級33.8; 相対時計優秀,0.055999999999999994,0.37,混戦,False
20260621-09-02,09,2,3,パノラマステージ,,,108.917,917,近走下降; 前走大敗12着; 騎手勝率3%; 上がり良好36.0,,,,False
20260621-09-02,09,2,4,リアライズブルーム,,,20.08,8,近走下降; 間隔長め99日; 前走大敗16着; 斤量減2.0kg,,,,False
20260621-09-02,09,2,5,ジーティーメティオ,○,2,3.21,21,近走上昇; 同場距離帯複勝1回; 騎手勝率14%; 上がり最速級34.0,0.10099999999999999,0.32,混戦,False
20260621-09-02,09,2,6,ビタールート,,,32.01,10,前走9着; 調教師勝率14%,,,,False
20260621-09-02,09,2,7,ブライトエンジェル,,,20.19,19,頭数補正上位12%; 直近3着内2回; 休み明け120日,,,,False
20260621-09-02,09,2,8,セルヴァジオ,△,4,12.96,96,近走上昇; 調教師勝率13%; 上がり最速級33.8; 上がり1位経験,0.07400000000000001,0.96,混戦,False
20260621-09-02,09,2,9,オレンジフィールド,,,10.35,35,近走上昇; 同距離5走; 同場不振3走; 同場距離帯不振3走,,,,False
20260621-09-02,09,2,10,ローズラフィネ,,,14.07,7,近走下降; 休み明け155日; 前走9着; 調教師勝率12%,,,,False
20260621-09-02,09,2,11,スリーロンドン,,,63.013,13,間隔長め98日; 前走8着,,,,False
20260621-09-02,09,2,12,フォルストランキル,◎,1,5.32,32,近走下降; 同距離複勝1回; 間隔長め78日; 騎手勝率12%; 信頼度=混戦(2位差0.0),0.114,0.6,混戦,False
20260621-09-02,09,2,13,メイショウバルキア,,,141.918,918,近走下降; 間隔長め71日; 前走大敗15着; 上がり良好35.3,,,,False
20260621-09-02,09,2,14,ロンポワン,,,32.611,611,間隔長め98日; 前走8着; 上がり最速級34.5; 相対時計優秀,,,,False
20260621-09-02,09,2,15,タイセイアビオン,,,87.314,314,近走上昇,,,,False
20260621-09-02,09,2,16,ミスティパープル,,,107.815,815,前走大敗14着; 斤量減2.0kg; 騎手勝率2%; 調教師勝率10%,,,,False
20260621-09-02,09,2,17,スマートティアナ,☆,5,8.74,74,近走下降; 同距離複勝1回; 休み明け106日; 騎手勝率17%,0.084,0.73,混戦,False
20260621-09-02,09,2,18,クリスタルタワー,,,45.712,712,調教師勝率14%,,,,False
20260621-09-03,09,3,1,ジャスティンゴッホ,▲,3,10.67,67,近走下降; 同距離複勝1回; 同場距離帯複勝1回; 間隔長め99日,0.141,1.49,標準,False
20260621-09-03,09,3,2,カフラー,,,8.55,55,,,,,False
20260621-09-03,09,3,3,カフジマリボー,,,45.612,612,近走上昇; 前走9着; 騎手勝率2%; 上がり鈍い39.3,,,,False
20260621-09-03,09,3,4,ピースビート,,,48.613,613,同距離3走; 前走9着; 持ち時計平凡; 相対時計不足,,,,False
20260621-09-03,09,3,5,マイカラー,☆,5,4.82,82,同距離複勝1回; 上がり鈍い39.1; 持ち時計平凡,0.038,0.18,標準,False
20260621-09-03,09,3,6,タイキジュビリー,,,28.69,69,近走下降; 間隔長め91日; 前走10着; 騎手勝率3%,,,,False
20260621-09-03,09,3,7,アングランパ,,,37.71,710,近走上昇; 前走10着; 調教師勝率14%; 上がり鈍い40.1,,,,False
20260621-09-03,09,3,8,ハオカノア,△,4,19.38,38,近走下降; 同距離複勝2回; 持ち時計平凡; 相対時計優秀,0.01,0.2,標準,False
20260621-09-03,09,3,9,ギフテッドスペック,,,41.011,11,近走下降; 前走10着,,,,False
20260621-09-03,09,3,10,キタノシリウス,,,115.316,316,騎手勝率3%,,,,False
20260621-09-03,09,3,11,ウルトラハート,◎,1,4.71,71,頭数補正上位17%; 直近3着内3回; 同種T複勝2回; 同距離複勝4回; 信頼度=標準(2位差28.0),0.235,1.1,標準,True
20260621-09-03,09,3,12,ゴルトミュンツェ,,,71.014,14,休み明け168日; 前走大敗14着; 調教師勝率13%,,,,False
20260621-09-03,09,3,13,ハナコトバ,,,6.23,23,斤量減2.0kg; 調教師勝率14%,,,,False
20260621-09-03,09,3,14,ワンダーシャッフル,,,10.26,26,近走下降; 間隔長め70日; 前走10着; 斤量増4.0kg,,,,False
20260621-09-03,09,3,15,ボーントゥウォリア,○,2,6.54,54,騎手勝率17%; 調教師勝率14%,0.166,1.08,標準,False
20260621-09-03,09,3,16,ニミッツハイウェイ,,,94.715,715,同距離4走; 休み明け167日; 前走8着; 騎手勝率3%,,,,False
20260621-09-04,09,4,1,レーヴドリュヌ,,,7.03,3,近走上昇; 長距離未経験; 長距離裏付け薄,,,,False
20260621-09-04,09,4,2,ルクスディグニティ,,,12.86,86,近走上昇; 長距離未経験; 騎手勝率16%; 長距離裏付け薄,,,,False
20260621-09-04,09,4,3,トライアンドエラー,,,16.09,9,近走上昇; 長距離未経験; 斤量減2.0kg; 長距離裏付け薄,,,,False
20260621-09-04,09,4,4,レッドフレーザー,,,8.84,84,長距離未経験; 騎手勝率14%; 長距離裏付け薄,,,,False
20260621-09-04,09,4,5,シャンドラファール,◎,1,4.31,31,近走上昇; 同距離複勝1回; 長距離複勝あり; 騎手勝率12%; 信頼度=混戦(2位差-3.0),0.10800000000000001,0.47,混戦,False
20260621-09-04,09,4,6,ナムラヴンダー,○,2,5.12,12,同種T複勝2回; 同距離複勝1回; 長距離複勝あり; 同場複勝2回,0.076,0.39,混戦,False
20260621-09-04,09,4,7,ハギノデュア,,,96.016,16,前走大敗16着; 調教師勝率10%,,,,False
20260621-09-04,09,4,8,キービート,,,19.511,511,近走上昇; 同距離3走; 長距離不振3走; 同場不振3走,,,,False
20260621-09-04,09,4,9,ボールドペイト,,,50.714,714,長距離未経験; 前走大敗12着; 斤量増3.0kg; 長距離裏付け薄,,,,False
20260621-09-04,09,4,10,ボッチョ,,,38.712,712,前走大敗12着; 騎手勝率1%; 持ち時計平凡; 長距離裏付け薄,,,,False
20260621-09-04,09,4,11,マヤノイマジン,△,4,19.41,410,前走大敗15着; 父系距離帯複勝43%,0.016,0.31,混戦,False
20260621-09-04,09,4,12,ラピス,▲,3,15.88,88,休み明け106日; 調教師勝率13%; 上がり良好35.0; 持ち時計平凡,0.21100000000000002,3.34,混戦,False
20260621-09-04,09,4,13,ラッキーシグネチャ,,,42.113,113,近走上昇; 前走8着; 斤量増2.0kg,,,,False
20260621-09-04,09,4,14,ジュンクロノシップ,,,63.115,115,近走下降; 長距離未経験; 前走11着; 騎手勝率3%,,,,False
20260621-09-04,09,4,15,バディ,,,11.45,45,近走下降; 前走11着,,,,False
20260621-09-04,09,4,16,ワンダースアン,,,96.417,417,前走10着; 騎手勝率2%; 調教師勝率11%,,,,False
20260621-09-04,09,4,17,フィエールシャンテ,☆,5,15.37,37,近走下降; 前走10着; 上がり最速級34.2; 持ち時計平凡,0.019,0.29,混戦,False
20260621-09-04,09,4,18,ベルドゥニュイ,,,115.718,718,近走上昇; 長距離未経験; 間隔長め98日; 前走大敗13着,,,,False
20260621-09-05,09,5,1,ジーティーキャメル,○,2,21.07,7,騎手勝率17%,0.084,1.76,混戦,False
20260621-09-05,09,5,2,ヴィヴェローネ,◎,1,6.44,44,騎手勝率12%; 調教師勝率10%; 信頼度=混戦(2位差2.0),0.132,0.85,混戦,False
20260621-09-05,09,5,3,ブレイクガール,▲,3,2.71,71,騎手勝率14%,0.14800000000000002,0.4,混戦,False
20260621-09-05,09,5,4,ドラゴンドール,☆,5,10.25,25,調教師勝率15%,0.10400000000000001,1.06,混戦,False
20260621-09-05,09,5,5,トップチェッカー,,,3.62,62,,,,,False
20260621-09-05,09,5,6,マーゴットマシェリ,,,14.96,96,,,,,False
20260621-09-05,09,5,7,メイケイリチャード,,,23.08,8,,,,,False
20260621-09-05,09,5,8,バクソウシャチョウ,△,4,6.13,13,騎手勝率17%,0.091,0.56,混戦,False
20260621-09-05,09,5,9,フランヴィア,,,28.59,59,調教師勝率10%,,,,False
20260621-09-06,09,6,1,ネッカーズルム,☆,5,7.94,94,近走上昇; sprint risk,0.047,0.37,混戦,False
20260621-09-06,09,6,2,アラビアンジョイ,◎,1,4.22,22,頭数補正上位14%; 直近3着内2回; 同種T複勝2回; 同距離複勝2回; 信頼度=混戦(2位差4.0),0.11800000000000001,0.5,混戦,False
20260621-09-06,09,6,3,レイノルズナンバー,,,21.07,7,近走下降; 間隔長め85日; 前走大敗14着; 斤量増2.0kg,,,,False
20260621-09-06,09,6,4,アステリアート,,,55.817,817,休み明け102日; 調教師勝率15%; 上がり良好35.3; 持ち時計平凡,,,,False
20260621-09-06,09,6,5,ラルス,,,33.612,612,近走下降; 間隔長め92日; 前走大敗17着; 斤量増3.0kg,,,,False
20260621-09-06,09,6,6,リントゥラウル,,,28.49,49,近走下降; 前走大敗12着; sprint risk,,,,False
20260621-09-06,09,6,7,レジーナテンペスタ,,,49.715,715,重賞経験あり; 間隔長め77日; 前走9着; 騎手勝率3%,,,,False
20260621-09-06,09,6,8,オーケーエレガンス,,,51.916,916,間隔長め70日; 前走9着; 騎手勝率3%; 調教師勝率14%,,,,False
20260621-09-06,09,6,9,ルージュスプリヤ,▲,3,4.01,1,頭数補正上位18%; 斤量減3.0kg; 騎手勝率2%; 調教師勝率11%,0.08199999999999999,0.33,混戦,False
20260621-09-06,09,6,10,グランピアン,,,39.113,113,sprint risk,,,,False
20260621-09-06,09,6,11,ウォーターブビンガ,,,32.811,811,近走下降; 同距離3走; 間隔長め98日; 前走大敗18着,,,,False
20260621-09-06,09,6,12,サカトクフェイス,,,27.38,38,前走大敗15着; 斤量減2.0kg; 上がり良好35.2,,,,False
20260621-09-06,09,6,13,エクスプロウド,,,112.118,118,間隔長め92日; 前走大敗13着; 上がり良好35.2; 持ち時計平凡,,,,False
20260621-09-06,09,6,14,ケイアイブラック,△,4,47.014,14,近走上昇; 同距離複勝1回; 格上挑戦+2; 上がり良好34.7,0.013000000000000001,0.61,混戦,False
20260621-09-06,09,6,15,トゥスコラーナ,,,14.85,85,間隔長め71日; 前走大敗14着; sprint risk,,,,False
20260621-09-06,09,6,16,カルロット,○,2,5.23,23,直近3着内2回; 近走上昇; 同種T複勝3回; 同距離複勝1回,0.106,0.55,混戦,False
20260621-09-06,09,6,17,マティンデ,,,17.26,26,近走下降; 休み明け120日; 前走大敗16着; 上がり最速級34.1,,,,False
20260621-09-06,09,6,18,プペアンビスキュイ,,,28.81,810,調教師勝率10%; sprint risk,,,,False
20260621-09-07,09,7,1,インピッシュ,,,25.813,813,近走上昇; sprint risk; 持ち時計平凡; 相対時計優秀,,,,False
20260621-09-07,09,7,2,タイセイレグノ,,,24.912,912,近走下降; 同距離複勝1回; 同場不振3走; 同場距離帯不振3走,,,,False
20260621-09-07,09,7,3,ジューンアゲイン,◎,1,7.23,23,頭数補正上位16%; 直近で1着あり; 直近3着内2回; 近走上昇; 信頼度=混戦(2位差-3.0),0.23399999999999999,1.68,混戦,True
20260621-09-07,09,7,4,ハッコウイチウ,△,4,11.45,45,直近3着内2回; 同種T1勝; 同距離複勝2回; 同場距離帯複勝1回,0.03,0.34,混戦,False
20260621-09-07,09,7,5,シュテルンビルト,,,12.86,86,同種T複勝2回; 同距離複勝4回; 同場不振3走; 同場距離帯不振3走,,,,False
20260621-09-07,09,7,6,シンギタイ,,,48.615,615,近走上昇; 休み明け305日; 調教師勝率10%; sprint risk,,,,False
20260621-09-07,09,7,7,アレーティア,,,35.014,14,近走下降; 同種T1勝; 休み明け211日; 前走大敗13着,,,,False
20260621-09-07,09,7,8,ドレアンティア,,,22.51,510,間隔長め92日; 前走10着; 斤量減2.0kg; sprint risk,,,,False
20260621-09-07,09,7,9,アパレイユ,○,2,3.91,91,頭数補正上位7%; 直近で1着あり; 直近3着内3回; 同種T1勝,0.172,0.67,混戦,False
20260621-09-07,09,7,10,ビスケットアソート,▲,3,13.58,58,頭数補正上位17%; 直近で1着あり; 直近3着内2回; 同種T1勝,0.109,1.47,混戦,False
20260621-09-07,09,7,11,キアヌ,,,55.316,316,休み明け260日; 前走11着; 斤量増2.0kg; sprint risk,,,,False
20260621-09-07,09,7,12,エイシンマールス,☆,5,10.14,14,直近3着内2回; 近走上昇; 同種T1勝; 同距離複勝4回,0.08800000000000001,0.89,混戦,False
20260621-09-07,09,7,13,ラッキーバック,,,13.37,37,近走下降; 同種T1勝; 同距離複勝2回; 同場距離帯複勝1回,,,,False
20260621-09-07,09,7,14,ゴッドカインド,,,21.39,39,同種T複勝5回; 同場複勝2回; 同場距離帯複勝2回; 間隔長め71日,,,,False
20260621-09-07,09,7,15,エブリデイ,,,6.02,2,同種T1勝; 同距離複勝2回; 同場1勝; 同場距離帯複勝1回,,,,False
20260621-09-07,09,7,16,グディンナ,,,24.811,811,頭数補正上位18%; 直近3着内2回; 同種T複勝2回; 同距離複勝2回,,,,False
20260621-09-08,09,8,1,ジェルソミーノ,,,37.48,48,近走下降; 前走大敗15着; 斤量減5.0kg; 騎手勝率2%,,,,False
20260621-09-08,09,8,2,サリーチェ,,,12.87,87,近走下降; 同距離複勝1回; 休み明け148日; 前走大敗16着,,,,False
20260621-09-08,09,8,3,アーリーハーベスト,▲,3,6.43,43,近走下降; 同種T1勝; 重賞経験あり; 間隔長め92日,0.092,0.59,接戦,False
20260621-09-08,09,8,4,メイショウピリカ,,,6.74,74,同距離5走; 格上挑戦+2; 前走9着; 上がり最速級34.5,,,,False
20260621-09-08,09,8,5,エイシンウィスパー,○,2,4.32,32,直近で1着あり; 近走上昇; 同距離複勝2回; 重賞経験あり,0.163,0.7,接戦,False
20260621-09-08,09,8,6,コニーアイランド,△,4,2.51,51,直近で1着あり; 近走下降; 重賞経験あり; 休み明け112日,0.19899999999999998,0.5,接戦,False
20260621-09-08,09,8,7,リオンプライム,☆,5,11.96,96,同距離複勝1回; 前走10着; 上がり良好34.7; 持ち時計平凡,0.068,0.81,接戦,False
20260621-09-08,09,8,8,ベルシュヴァル,◎,1,7.35,35,直近で1着あり; 直近3着内2回; 近走上昇; 同種T1勝; 信頼度=接戦(2位差11.0),0.21100000000000002,1.54,接戦,False
20260621-09-09,09,9,1,ステラクラウン,○,2,2.81,81,直近3着内2回; 同種T複勝3回; 同距離複勝4回; 同場距離帯複勝1回,0.165,0.46,標準,False
20260621-09-09,09,9,2,ロードガレリア,△,4,3.83,83,直近で1着あり; 直近3着内2回; 近走上昇; 上がり最速級34.3,0.20600000000000002,0.78,標準,False
20260621-09-09,09,9,3,ダノンカゼルタ,☆,5,7.84,84,直近で1着あり; 近走下降; 同距離複勝2回; 前走大敗12着,0.128,1.0,標準,False
20260621-09-09,09,9,4,ミカエルパシャ,,,11.36,36,近走上昇; 同距離複勝1回; 同場距離帯複勝1回; 上がり良好35.3,,,,False
20260621-09-09,09,9,5,カリーニョ,◎,1,3.32,32,頭数補正上位17%; 直近3着内3回; 同種T複勝3回; 同距離複勝4回; 信頼度=標準(2位差17.0),0.223,0.74,標準,False
20260621-09-09,09,9,6,ラーテル,,,31.87,87,近走上昇; 格上挑戦+3; 騎手勝率0%; 上がり鈍い39.5,,,,False
20260621-09-09,09,9,7,エコテーラー,▲,3,11.25,25,直近で1着あり; 同種T1勝; 同距離複勝3回; 同場1勝,0.11,1.23,標準,False
20260621-09-10,09,10,1,トウカイポワール,,,71.516,516,近走下降; 同距離8走; 同場不振4走; 同場距離帯不振4走,,,,False
20260621-09-10,09,10,2,メイショウシナノ,,,34.412,412,近走下降; 同種T複勝2回; 同距離複勝2回; 調教師勝率10%,,,,False
20260621-09-10,09,10,3,アークドール,○,2,12.76,76,頭数補正上位5%; 直近で1着あり; 直近勝利2回; 同種T1勝,0.11900000000000001,1.51,標準,False
20260621-09-10,09,10,4,ティンティンデオ,,,35.413,413,同距離3走; 休み明け469日; 持ち時計優秀; 相対時計優秀,,,,False
20260621-09-10,09,10,5,ヒロノラメール,,,16.47,47,近走上昇; 同距離複勝1回; 同場距離帯複勝1回; 前走8着,,,,False
20260621-09-10,09,10,6,ルクスフレンジー,☆,5,4.72,72,頭数補正上位0%; 直近で1着あり; 直近勝利3回; 同種T3勝,0.153,0.72,標準,False
20260621-09-10,09,10,7,タマモキャリコ,,,32.01,10,直近で1着あり; 同種T1勝; 同距離複勝2回; 同場1勝,,,,False
20260621-09-10,09,10,8,パシアンジャン,,,7.85,85,同距離複勝1回; 持ち時計優秀; 相対時計優秀,,,,False
20260621-09-10,09,10,9,アカデミア,▲,3,4.01,1,頭数補正上位4%; 直近で1着あり; 直近勝利2回; 同種T1勝,0.159,0.64,標準,False
20260621-09-10,09,10,10,ロフティストーリー,,,23.38,38,近走下降; 同距離複勝2回; 前走8着; 騎手勝率16%,,,,False
20260621-09-10,09,10,11,ルクスビッグスター,,,33.911,911,前走11着,,,,False
20260621-09-10,09,10,12,キュールエフウジン,,,62.015,15,同距離5走; 同場不振3走; 間隔長め70日; 前走大敗12着,,,,False
20260621-09-10,09,10,13,ペイシャモノノフ,,,47.414,414,同距離複勝1回; 同場距離帯複勝1回; 間隔長め77日; 前走11着,,,,False
20260621-09-10,09,10,14,レヴァンテシチー,◎,1,7.03,3,頭数補正上位7%; 直近で1着あり; 直近勝利2回; 近走上昇; 信頼度=標準(2位差17.0),0.254,1.78,標準,True
20260621-09-10,09,10,15,ロカヒ,△,4,7.34,34,頭数補正上位4%; 直近で1着あり; 直近勝利2回; 同種T2勝,0.106,0.77,標準,False
20260621-09-10,09,10,16,ウィンターダフネ,,,26.89,89,頭数補正上位17%; 直近で1着あり; 直近3着内2回; 近走上昇,,,,False
20260621-09-11,09,11,1,スマートワイス,,,19.51,510,直近で1着あり; 近走上昇; 同種T1勝; 格上挑戦+2,,,,False
20260621-09-11,09,11,2,ファインライン,,,49.414,414,直近で1着あり; 近走下降; 同種T1勝; 同距離複勝2回,,,,False
20260621-09-11,09,11,3,メイショウシンタケ,,,113.617,617,近走下降; 同距離6走; 同場不振3走; 同場距離帯不振3走,,,,False
20260621-09-11,09,11,4,ブエナオンダ,▲,3,37.112,112,近走上昇; 同種T2勝; 同距離複勝4回; 重賞経験あり,0.027000000000000003,1.01,混戦,False
20260621-09-11,09,11,5,ファーヴェント,◎,1,6.12,12,頭数補正上位17%; 直近3着内2回; 近走下降; 同種T複勝2回; 信頼度=混戦(2位差0.0),0.053,0.32,混戦,False
20260621-09-11,09,11,6,シンフォーエバー,,,124.218,218,同距離複勝1回; 重賞経験あり; 同格以上複勝あり; 同格条件複勝1回,,,,False
20260621-09-11,09,11,7,キープカルム,○,2,16.99,99,同種T1勝; 同距離複勝1回; 同場1勝; 同場距離帯複勝1回,0.019,0.33,混戦,False
20260621-09-11,09,11,8,サイルーン,,,8.44,44,近走上昇; 同距離複勝2回; 重賞経験あり; 同格以上複勝2回,,,,False
20260621-09-11,09,11,9,ファンダム,,,11.56,56,近走下降; 同距離複勝1回; 重賞経験あり; 上級条件で実績薄,,,,False
20260621-09-11,09,11,10,エルトンバローズ,,,12.97,97,近走上昇; 同距離4走; 重賞経験あり; 同格以上実績不足,,,,False
20260621-09-11,09,11,11,エコロアルバ,☆,5,4.01,1,直近で1着あり; 近走下降; 同距離複勝1回; 重賞経験あり,0.1,0.4,混戦,False
20260621-09-11,09,11,12,カズミクラーシュ,,,14.68,68,直近で1着あり; 直近勝利2回; 近走上昇; 同種T2勝,,,,False
20260621-09-11,09,11,13,メタルスピード,,,52.115,115,直近で1着あり; 同種T2勝; 同距離複勝3回; 重賞経験あり,,,,False
20260621-09-11,09,11,14,ミニトランザット,△,4,7.73,73,直近で1着あり; 近走上昇; 同種T2勝; 同距離複勝3回,0.09699999999999999,0.74,混戦,False
20260621-09-11,09,11,15,ショウナンアデイブ,,,27.111,111,頭数補正上位14%; 直近3着内2回; 同距離複勝1回; 重賞経験あり,,,,False
20260621-09-11,09,11,16,スリールミニョン,,,57.916,916,近走上昇; 同種T1勝; 重賞経験あり; 上級条件で実績薄,,,,False
20260621-09-11,09,11,17,スイープアワーズ,,,11.25,25,頭数補正上位5%; 直近で1着あり; 直近3着内3回; 同種T1勝,,,,False
20260621-09-11,09,11,18,タガノエルピーダ,,,45.513,513,近走上昇; 同距離4走; 重賞経験あり; 上級条件で実績薄,,,,False
20260621-09-12,09,12,1,キングロコマイカイ,,,63.112,112,近走上昇; 同距離6走; 休み明け105日; 騎手勝率2%,,,,False
20260621-09-12,09,12,2,クリノフィガロ,▲,3,14.33,33,近走上昇; 同種T複勝2回; 同距離複勝2回; 上がり良好35.7,0.018000000000000002,0.26,標準,False
20260621-09-12,09,12,3,ソウルアンドジャズ,△,4,17.24,24,同種T複勝5回; 同距離複勝3回; 騎手勝率1%; 持ち時計平凡,0.009000000000000001,0.16,標準,False
20260621-09-12,09,12,4,クロノスバレット,○,2,5.52,52,直近で1着あり; 近走下降; 同種T1勝; 同距離複勝1回,0.221,1.22,標準,False
20260621-09-12,09,12,5,ジーニアスバローズ,,,25.08,8,近走下降; 同距離7走; 同場不振3走; 同場距離帯不振3走,,,,False
20260621-09-12,09,12,6,エリカヴェネチア,,,42.711,711,近走下降; 同種T2勝; 同距離複勝1回; 前走11着,,,,False
20260621-09-12,09,12,7,メイショウマントル,,,66.313,313,同距離複勝1回; 同場距離帯複勝1回; 休み明け245日; 持ち時計平凡,,,,False
20260621-09-12,09,12,8,フラッシング,,,27.21,210,同距離9走; 前走8着; 斤量減2.0kg; 持ち時計平凡,,,,False
20260621-09-12,09,12,9,エンマ,,,24.97,97,近走下降; 同種T1勝; 同距離複勝3回; 同場距離帯複勝1回,,,,False
20260621-09-12,09,12,10,ダディーズトリップ,,,24.66,66,同距離複勝1回; 同場距離帯複勝1回; 休み明け140日; 前走10着,,,,False
20260621-09-12,09,12,11,ハッピーダンチャン,,,26.59,59,同種T1勝; 同距離複勝3回; 休み明け105日; 前走9着,,,,False
20260621-09-12,09,12,12,タガノアバンドーネ,◎,1,1.51,51,直近で1着あり; 直近3着内2回; 同種T2勝; 同距離複勝3回; 信頼度=標準(2位差24.0),0.39899999999999997,0.6,標準,False
20260621-09-12,09,12,13,レッドリベルタ,☆,5,18.05,5,近走上昇; 同距離7走; 斤量増2.0kg; 調教師勝率10%,0.015,0.26,標準,False
